question,answer
"What is Python?","Python is a high-level interpreted programming language known for its readability and simplicity."
"How do I install Python?","You can download Python from python.org and follow the installation instructions for your operating system."
"What is a variable?","A variable is a named location in memory used to store data during program execution."
"What is a function?","A function is a reusable block of code that performs a specific task and can take inputs and return outputs."
"What is an array?","An array is a data structure that stores multiple values of the same type in contiguous memory."
"What is a list in Python?","A list is a mutable ordered collection of items that can store different data types in Python."
"What is a dictionary in Python?","A dictionary is a collection of key-value pairs used to store data with unique identifiers."
"What is object-oriented programming?","Object-oriented programming (OOP) is a paradigm based on objects, classes, inheritance, and encapsulation."
"What is inheritance in OOP?","Inheritance allows a class to inherit attributes and methods from another class."
"What is polymorphism?","Polymorphism allows objects of different classes to be treated as objects of a common superclass."
"What is encapsulation?","Encapsulation is the practice of hiding internal data and exposing only necessary functionality."
"What is abstraction?","Abstraction means showing only essential features and hiding unnecessary details."
"What is machine learning?","Machine learning is a field of AI that allows computers to learn patterns from data."
"How do I learn machine learning?","Start with Python then learn NumPy, Pandas, Matplotlib, Scikit-Learn, and basic math."
"What is deep learning?","Deep learning is a subset of machine learning based on neural networks with many layers."
"What is TensorFlow?","TensorFlow is an open-source deep learning framework developed by Google."
"What is PyTorch?","PyTorch is a deep learning library developed by Facebook known for flexibility and ease of use."
"What is NumPy?","NumPy is a Python library used for numerical computing and working with arrays."
"What is Pandas?","Pandas is a Python library used for data manipulation and analysis."
"What is Scikit-Learn?","Scikit-Learn is a machine learning library for Python that provides simple and efficient tools for data mining."
"What is a neural network?","A neural network is a computing system inspired by the structure of the human brain."
"What is overfitting?","Overfitting occurs when a model learns the training data too well and fails to generalize to unseen data."
"What is underfitting?","Underfitting happens when a model is too simple and fails to capture the underlying patterns in data."
"What is a dataset?","A dataset is a collection of data used for training or testing machine learning models."
"What is supervised learning?","Supervised learning is when the model is trained on labeled data."
"What is unsupervised learning?","Unsupervised learning is when the model finds patterns in unlabeled data."
"What is reinforcement learning?","Reinforcement learning is when an agent learns through rewards and penalties by interacting with an environment."
"How do I create a chatbot?","You can create a chatbot using TF-IDF, retrieval models, or deep learning techniques like Seq2Seq or Transformers."
"What is Git?","Git is a version control system used to track and manage changes in source code."
"What is GitHub?","GitHub is a platform for hosting, sharing, and collaborating on Git repositories."
"How do I create a virtual environment in Python?","Use 'python -m venv env' and activate it based on your operating system."
"What is a loop?","A loop is a programming structure that repeats a block of code multiple times."
"What is a for loop?","A for loop iterates over a sequence such as a list, string, or range."
"What is a while loop?","A while loop runs as long as a specified condition remains true."
"What is an API?","An API is an interface that allows different software applications to communicate with each other."
"What is JSON?","JSON is a lightweight data format used to store and exchange structured data."
"What is a compiler?","A compiler translates source code into machine code before execution."
"What is an interpreter?","An interpreter executes code line by line during runtime."
"What is debugging?","Debugging is the process of finding and fixing errors in code."
"What is an exception?","An exception is an error that occurs during program execution and can be handled using try/except blocks."
"How do I handle errors in Python?","Use try/except blocks to catch and manage exceptions."
"What is recursion?","Recursion is a programming technique where a function calls itself."
"What is Big O notation?","Big O notation describes the time or space complexity of an algorithm."
"What is a framework?","A framework is a pre-written structure that helps developers build applications efficiently."
"What is Flask?","Flask is a lightweight Python web framework for building web applications."
"What is Django?","Django is a high-level Python web framework for building scalable and secure web applications."
"What is HTML?","HTML is the standard markup language used to structure content on the web."
"What is CSS?","CSS is a styling language used to control the appearance of web pages."
"What is JavaScript?","JavaScript is a programming language used to create dynamic and interactive web content."

"What is Unity?","Unity is a popular game engine used to create 2D and 3D games across multiple platforms."
"What is Unreal Engine?","Unreal Engine is a high-end game engine known for powerful graphics and AAA-quality visuals."
"What language does Unity use?","Unity primarily uses C# for scripting and game logic."
"What language does Unreal Engine use?","Unreal Engine uses C++ and Blueprints for visual scripting."
"What is a game engine?","A game engine is software that provides tools and features needed to build video games."
"What is a prefab in Unity?","A prefab is a reusable GameObject template that can be instantiated multiple times."
"What is a GameObject in Unity?","A GameObject is the basic entity in Unity that can represent characters, props, or environments."
"What is a component in Unity?","Components are scripts or features attached to GameObjects to give them behavior."
"What is a Rigidbody?","A Rigidbody enables physics simulation such as movement, gravity, and collisions."
"What is a Collider?","A collider defines the shape used for detecting collisions in a game."
"What is a trigger collider?","A trigger collider detects intersections without applying physics forces."
"What is an Animator?","An Animator controls character animations using animation states and transitions."
"What is an Animation Clip?","An animation clip defines specific movements or motions for a character or object."
"What is a NavMesh?","A NavMesh allows characters to navigate a map using AI pathfinding."
"What is NavMesh Agent?","A NavMeshAgent is a Unity component that allows objects to navigate the NavMesh."
"What is Raycasting?","Raycasting is used to detect objects by projecting an invisible ray in a direction."
"What is scripting?","Scripting refers to writing code to control game behavior and logic."
"What is deltaTime?","deltaTime is the time that passed since the last frame, used for frame-independent movement."
"What is Update() in Unity?","Update() is called every frame and is used for input and real-time logic."
"What is FixedUpdate()?","FixedUpdate() is used for physics calculations and runs at a fixed interval."
"What is LateUpdate()?","LateUpdate() runs after Update and is often used for camera follow logic."
"What is the difference between Update and FixedUpdate?","Update runs every frame while FixedUpdate runs at fixed physics intervals."
"What is Input.GetAxis()?","Input.GetAxis reads movement input with smoothing, like “Horizontal” or “Vertical”."
"What is Input.GetKey()?","Input.GetKey checks if a specific key is held down."
"What is transform?","transform represents an object's position, rotation, and scale."
"What is a Quaternion?","A Quaternion represents 3D rotation and avoids gimbal lock."
"What is Vector3?","Vector3 is a structure representing 3D coordinates."
"What is Time.timeScale?","timeScale controls the speed of the game; 0 means paused."
"What is Object pooling?","Object pooling reuses objects to improve performance and reduce instantiation costs."
"What is LOD?","LOD (Level of Detail) swaps models based on distance to optimize rendering."
"What is Occlusion Culling?","Occlusion culling hides objects not visible to the camera to improve performance."
"What is a Shader?","A shader is a program that defines how materials are rendered on screen."
"What is a Material?","A material defines the appearance of an object using a shader."
"What is a Texture?","A texture is an image applied to materials to give surfaces detail."
"What is UV mapping?","UV mapping assigns 2D texture coordinates to a 3D model."
"What is a Scene in Unity?","A scene contains game levels, menus, and environments."
"What is Scene Management?","Scene management handles loading and switching between scenes."
"What is Time.deltaTime used for?","It ensures smooth movement regardless of frame rate."
"What is Rigidbody.AddForce()?","It applies force to a Rigidbody for physics-based movement."
"What is a Coroutine?","A coroutine allows execution of code over time without blocking."
"What is yield return?","yield return pauses a coroutine until a condition is met."
"What is StartCoroutine()?","StartCoroutine begins execution of a coroutine."
"What is a ScriptableObject?","A ScriptableObject stores data independently from scene objects."
"What is a build target?","A build target determines the platform the game will run on, such as PC or Android."
"What is post-processing?","Post-processing adds visual effects like bloom, color grading, and depth of field."
"What is an event system?","The event system handles UI and input interactions."
"What is Canvas in Unity?","The Canvas is the root object for UI elements."
"What is RectTransform?","RectTransform is used to position UI elements in 2D space."
"What is a sprite?","A sprite is a 2D image used in 2D games."
"What is a tilemap?","A tilemap is a grid of tiles used to build 2D environments."
"What is a particle system?","A particle system creates visual effects like fire, smoke, and explosions."
"What is Rigidbody2D?","Rigidbody2D enables physics simulation in 2D games."
"What is Collider2D?","Collider2D enables collision detection in 2D games."
"What is an Animator Controller?","An Animator Controller manages animation states and transitions."
"What is a blend tree?","A blend tree blends multiple animations smoothly based on parameters."
"What is AI pathfinding?","AI pathfinding allows agents to navigate environments intelligently."
"What is A* algorithm?","A* is a popular pathfinding algorithm used in games."
"What is game optimization?","Game optimization improves performance by reducing unnecessary rendering or calculations."
"What is VFX?","VFX refers to visual effects such as particles, shaders, and lighting effects."
"What is audio mixing?","Audio mixing combines and adjusts game sound effects and music."
"What is a skybox?","A skybox creates the illusion of a surrounding sky or environment."
"What is a directional light?","A directional light simulates sunlight in a game."
"What is a point light?","A point light emits light from a single point in all directions."
"What is a spotlight?","A spotlight emits light in a cone shape."
"What is ambient light?","Ambient light is global lighting affecting all objects."
"What is physics-based movement?","Movement calculated using physics forces rather than setting positions directly."
"What is kinematic Rigidbody?","A kinematic Rigidbody is controlled by code, not physics forces."
"What is gravity scale?","Gravity scale controls how strongly gravity affects a Rigidbody."
"What is Trigger event?","A trigger event occurs when objects overlap using OnTriggerEnter/Exit."
"What is Collision event?","A collision event occurs when colliders with Rigidbody components make contact."
"What is OnCollisionEnter()?","A method called when an object collides with another."
"What is OnTriggerEnter()?","A method called when an object enters a trigger collider."
"What is multiplayer networking?","Networking allows multiple players to interact in the same game session."
"What is Photon PUN?","Photon PUN is a Unity networking framework for multiplayer games."
"What is dedicated server?","A dedicated server hosts a multiplayer game independent of players."
"What is peer-to-peer networking?","In peer-to-peer, players connect directly to each other."
"What is a hitbox?","A hitbox defines a collision area used to detect hits in combat games."
"What is an animation event?","Animation events trigger custom code during specific animation frames."
"What is blending animations?","Blending animations transitions smoothly from one animation to another."
"What is IK (Inverse Kinematics)?","IK allows bones to move naturally by solving joint positions automatically."
"What is FK (Forward Kinematics)?","FK manually rotates each bone in a skeleton."
"What is a build pipeline?","A build pipeline defines the process of building and packaging the game."
"What is asset bundling?","Asset bundles package assets separately for dynamic loading."
"What is memory management in games?","Memory management ensures the game uses RAM efficiently."
"What is garbage collection?","Garbage collection automatically frees unused memory in managed languages like C#."
"What is frame rate?","Frame rate measures how many frames the game renders per second."
"What is VSync?","VSync synchronizes frame rate with monitor refresh rate to reduce tearing."
"What is GPU instancing?","GPU instancing renders many objects more efficiently by sharing geometry."
"What is batching?","Batching reduces draw calls by grouping objects using similar materials."
"What is profiling?","Profiling analyzes performance to find bottlenecks."
"What is the Unity Profiler?","The Unity Profiler measures CPU, GPU, memory, and rendering performance."

"What is a game loop?","A game loop continuously updates game logic and renders frames."
"What is frame time?","Frame time is the amount of time required to render a single frame."
"What is deltaTime used for?","deltaTime helps achieve consistent movement regardless of frame rate."
"What is a build in Unity?","A build compiles the game into an executable for distribution."
"What is play mode?","Play mode allows developers to test gameplay directly inside the Unity editor."
"What is gizmo in Unity?","Gizmos are visual editor-only markers for debugging and visualization."
"What is a collider mesh?","A collider mesh matches complex 3D geometry for accurate collisions."
"What is a box collider?","A box collider defines collision using a rectangular box shape."
"What is a capsule collider?","A capsule collider is commonly used for player characters."
"What is a sphere collider?","A sphere collider detects collisions using a spherical shape."
"What is terrain in Unity?","Terrain is a Unity feature for creating large outdoor environments."
"What is terrain painting?","Terrain painting allows modifying textures, height, and foliage on terrain."
"What is spline?","A spline is a curve used for paths, roads, or animations."
"What is post-processing stack?","A package providing visual effects like bloom and color correction."
"What is a render pipeline?","A render pipeline controls how graphics are drawn to the screen."
"What is URP?","URP (Universal Render Pipeline) provides optimized graphics for all platforms."
"What is HDRP?","HDRP (High Definition Render Pipeline) provides high-end graphics for powerful hardware."
"What is a lightmap?","Lightmaps store precomputed lighting to improve performance."
"What is baked lighting?","Baked lighting stores static lighting information for faster rendering."
"What is real-time lighting?","Real-time lighting is calculated every frame for dynamic scenes."
"What is global illumination?","Global illumination simulates how light bounces off surfaces."
"What is volumetric lighting?","Volumetric lighting simulates light scattering through particles like fog."
"What is a sky shader?","A sky shader is used to render skies or atmospheric effects."
"What is ambient occlusion?","Ambient occlusion adds shadows in small crevices for realism."
"What is anisotropic filtering?","Anisotropic filtering improves texture quality at steep angles."
"What is anti-aliasing?","Anti-aliasing reduces jagged edges in rendered graphics."
"What is MSAA?","MSAA is a hardware-based anti-aliasing method."
"What is SSAO?","SSAO (Screen Space Ambient Occlusion) adds ambient shadowing based on pixel depth."
"What is bloom?","Bloom makes bright areas glow for a cinematic effect."
"What is motion blur?","Motion blur simulates blur when objects move quickly."
"What is depth of field?","Depth of field simulates camera focus on near or far objects."
"What is chromatic aberration?","Chromatic aberration adds slight RGB separation for stylistic effects."
"What is a sprite atlas?","A sprite atlas packs multiple sprites into one texture to optimize rendering."
"What is a tile palette?","A tile palette contains tiles used for painting tilemaps."
"What is a state machine?","A state machine controls behavior through predefined states."
"What is finite state machine (FSM)?","FSM models AI using states like idle, move, attack."
"What is behavior tree?","Behavior trees structure complex AI behavior hierarchically."
"What is a waypoint system?","A waypoint system guides AI movement using points in the environment."
"What is pathfinding?","Pathfinding determines the best path for AI to reach a target."
"What is level design?","Level design is creating game environments, challenges, and flow."
"What is game balancing?","Balancing ensures fair difficulty, pacing, and player experience."
"What is a cutscene?","A cutscene is a scripted cinematic sequence within a game."
"What is a trigger zone?","A trigger zone activates events when a player enters it."
"What is an inventory system?","An inventory system stores items collected by the player."
"What is a HUD?","HUD (Heads-Up Display) shows player info like health and ammo."
"What is a minimap?","A minimap is a small map showing player location and surroundings."
"What is UI scaling?","UI scaling adapts interface layouts across different screen sizes."
"What is sprite sorting?","Sprite sorting controls drawing order in 2D games."
"What is orthographic camera?","An orthographic camera renders without perspective distortion."
"What is perspective camera?","A perspective camera renders depth and distance realistically."
"What is FOV?","FOV (Field of View) controls the camera's visible angle."
"What is culling mask?","Culling masks define which layers a camera can see."
"What is a singleton?","A singleton ensures only one instance of a class exists."
"What is dependency injection?","Dependency injection provides required components to a script externally."
"What is MVC pattern?","MVC divides code into Model, View, and Controller layers."
"What is event-driven programming?","Event-driven programming reacts to events like input or collisions."
"What is asynchronous programming?","Asynchronous programming runs tasks without blocking the main thread."
"What is coroutine vs thread?","Coroutines run cooperatively inside Unity; threads run independently at OS level."
"What is garbage collection spike?","A GC spike occurs when unused memory is cleared, causing lag."
"What is memory leak?","A memory leak occurs when memory is not released, reducing performance."
"What is addressables?","Addressables manage assets dynamically, improving memory and loading times."
"What is async loading?","Async loading loads assets without freezing gameplay."
"What is scene additive loading?","Additive loading loads multiple scenes simultaneously."
"What is a physics material?","A physics material controls friction and bounciness."
"What is drag in physics?","Drag reduces velocity over time."
"What is angular drag?","Angular drag slows down rotational movement."
"What is mass in Rigidbody?","Mass affects how much force is needed for movement."
"What is force mode?","Force mode controls how AddForce applies force (Impulse, VelocityChange, etc.)."
"What is kinematic motion?","Kinematic motion moves objects without physics simulation."
"What is a hit scan?","Hitscan detects collisions instantly without projectile travel."
"What is projectile motion?","Projectile motion calculates movement using force and gravity."
"What is animation rigging?","Animation rigging provides constraints and advanced animation control."
"What is blend shape?","Blend shapes deform mesh vertices for facial expressions and morphing."
"What is skinning?","Skinning binds mesh vertices to skeleton bones."
"What is weight painting?","Weight painting assigns bone influence over mesh parts."
"What is inverse kinematics?","IK solves bone positions automatically based on a target."
"What is ragdoll physics?","Ragdoll physics simulate realistic character collapse using joints and colliders."
"What is hinge joint?","A hinge joint allows rotation around a single axis."
"What is fixed joint?","A fixed joint locks two objects together."
"What is spring joint?","A spring joint makes objects behave like connected springs."
"What is audio source?","An AudioSource plays 3D or 2D audio clips."
"What is audio listener?","An AudioListener represents the player's ears in the scene."
"What is spatial audio?","Spatial audio simulates 3D sound direction and distance."
"What is reverb zone?","A reverb zone applies audio echo effects in defined areas."
"What is occlusion in audio?","Occlusion muffles sound when objects block its path."
"What is doppler effect?","The Doppler effect changes sound pitch based on movement."
"What is save system?","A save system stores player data for later use."
"What is JSON serialization?","JSON serialization converts data objects into JSON string format."
"What is binary serialization?","Binary serialization saves data in compact binary format."
"What is checkpoint system?","A checkpoint system saves progress at predefined locations."
"What is cutscene timeline?","Unity Timeline creates cinematic sequences with animation and audio tracks."
"What is shader graph?","Shader Graph allows visual shader creation without writing code."
"What is bloom effect?","Bloom enhances bright areas with a soft glow."
"What is FPS counter?","An FPS counter displays the game's frame rate during runtime."
"What is build size optimization?","Build size optimization reduces game file size for distribution."

"What is a tilemap in Unity?","A tilemap is a grid-based system used to create large 2D environments efficiently."
"What is a collider 2D?","A Collider2D is a component used to detect 2D physics collisions."
"What is Rigidbody2D?","Rigidbody2D enables objects to use 2D physics like gravity and forces."
"What is Pixel Perfect Camera?","Pixel Perfect Camera ensures crisp pixel art rendering with no distortion."
"What is a sorting layer?","Sorting layers define 2D render order of sprites."
"What is a pivot point?","A pivot point is the reference origin for translation, rotation, and scaling."
"What is parallax scrolling?","Parallax scrolling creates depth by moving background layers at different speeds."
"What is sprite slicing?","Sprite slicing divides a spritesheet into multiple individual sprites."
"What is a sprite sheet?","A spritesheet is a single image containing multiple animation frames."
"What is 2D animation rigging?","2D animation rigging uses bones to animate 2D characters."
"What is IK for 2D?","IK for 2D enables natural motion by solving limb positions automatically."
"What is tile collision?","Tile collision defines which tiles players can collide with."
"What is a trigger 2D?","A trigger 2D detects overlaps without blocking movement."
"What is Cinemachine?","Cinemachine is Unity's advanced camera system that automates camera behavior."
"What is Virtual Camera?","A virtual camera defines different camera behaviors inside Cinemachine."
"What is damping in Cinemachine?","Damping smooths camera movements and follow behavior."
"What is confiner in Cinemachine?","A confiner limits camera movement within a boundary."
"What is screen shake?","Screen shake is a camera effect used to emphasize explosions or impacts."
"What is camera follow script?","A camera follow script keeps the camera focused on a target object."
"What is orthographic size?","Orthographic size controls zoom level of an orthographic camera."
"What is field of view?","Field of view defines the visible angle of a perspective camera."
"What is animation keyframe?","A keyframe marks a specific position or motion state in animation."
"What is animation curve?","An animation curve defines transitions between keyframes over time."
"What is root motion?","Root motion uses animation movement instead of physics-based motion."
"What is an avatar mask?","An avatar mask controls which body parts animations affect."
"What is retargeting?","Retargeting transfers animations between different character rigs."
"What is timeline in Unity?","Timeline is a sequencer for cutscenes, animation, and audio."
"What is a playable director?","A playable director controls playback of Timeline assets."
"What is a timeline track?","A timeline track controls animations, audio, or scripts."
"What is additive animation?","Additive animation blends extra motion on top of existing animations."
"What is animation event?","An animation event triggers logic at specific points in an animation."
"What is avatar rig?","Avatar rig defines the bone structure for animations."
"What is mecanim?","Mecanim is Unity's animation system for blending and state machines."
"What is ragdoll generator?","A ragdoll generator automatically builds physics-based characters."
"What is cloth simulation?","Cloth simulation creates realistic movement for fabric or hair."
"What is particle collision?","Particle collision detects contact between particles and the world."
"What is particle lifetime?","Particle lifetime defines how long a particle exists before disappearing."
"What is emission rate?","Emission rate controls how many particles spawn over time."
"What is burst emission?","Burst emission generates particles all at once at a specific moment."
"What is GPU particle system?","A GPU particle system uses GPU compute power for massive effects."
"What is sprite mask?","A sprite mask reveals or hides parts of sprites."
"What is 2D light?","2D light adds realistic lighting to 2D scenes with the URP 2D renderer."
"What is shadow caster 2D?","Shadow caster 2D defines shapes that cast shadows in 2D lighting."
"What is normal map?","A normal map adds fake surface detail without adding geometry."
"What is bump map?","A bump map simulates small height variations on textures."
"What is height map?","A height map represents surface elevation for terrain or textures."
"What is emissive material?","An emissive material glows regardless of lighting."
"What is shader keyword?","Shader keywords enable or disable shader features."
"What is post-exposure?","Post-exposure adjusts scene brightness after rendering."
"What is render queue?","Render queue controls the drawing order of materials."
"What is a compute shader?","A compute shader performs parallel calculations on the GPU."
"What is GPU instancing?","GPU instancing optimizes rendering of many identical objects."
"What is occlusion probe?","Occlusion probes help with dynamic object occlusion in baked lighting."
"What is skinned mesh renderer?","It renders animated characters using bone-based deformation."
"What is blend tree?","A blend tree blends multiple animations based on input parameters."
"What is animator override controller?","It allows replacing animations inside an existing controller."
"What is static batching?","Static batching optimizes rendering of non-moving objects."
"What is dynamic batching?","Dynamic batching groups small moving objects for fewer draw calls."
"What is a draw call?","A draw call is a request to the GPU to render an object."
"What is GPU bottleneck?","A GPU bottleneck occurs when the GPU can't process graphics fast enough."
"What is CPU bottleneck?","A CPU bottleneck happens when the CPU cannot process logic fast enough."
"What is baking?","Baking precomputes lighting or effects for performance."
"What is render target?","A render target is a texture the GPU renders into instead of the screen."
"What is alpha clipping?","Alpha clipping removes transparent pixels entirely based on a threshold."
"What is stencil buffer?","The stencil buffer masks parts of the screen for special effects."
"What is z-buffer?","The z-buffer stores depth information to handle object occlusion."
"What is frustum culling?","Frustum culling excludes objects outside the camera's view."
"What is bounding box?","A bounding box is an invisible box used to detect object visibility."
"What is collider bounds?","Collider bounds represent the area covered by a collider."
"What is OnBecameInvisible?","A Unity method triggered when an object goes out of camera view."
"What is OnBecameVisible?","A Unity method triggered when an object becomes visible to the camera."
"What is batching threshold?","A threshold determining if an object can be batched based on size and material."
"What is prefab variant?","A prefab variant inherits from a base prefab with modifications."
"What is addressable asset?","Addressables allow asynchronous loading and unloading of assets."
"What is asset reference?","An asset reference is a link to an addressable asset."
"What is runtime instantiation?","Runtime instantiation creates objects dynamically during gameplay."
"What is pooling manager?","A pooling manager handles reused objects for performance optimization."
"What is event dispatcher?","Event dispatchers send notifications between systems."
"What is UnityEvent?","UnityEvent is a serializable event system inside the Unity inspector."
"What is Invoke()?","Invoke delays the execution of a method by a defined time."
"What is InvokeRepeating()?","InvokeRepeating repeatedly calls a method at intervals."
"What is CancelInvoke()?","CancelInvoke stops scheduled Invoke calls."
"What is SceneManager.LoadScene()","Loads a scene by name or index."
"What is additive scene loading?","Loads a new scene without unloading the current one."
"What is DontDestroyOnLoad()?","Prevents objects from being destroyed when loading a new scene."
"What is persistent data?","Persistent data is stored across gameplay sessions."
"What is PlayerPrefs?","PlayerPrefs is an easy way to save small data like scores or settings."
"What is UI canvas scaler?","Canvas scaler adjusts UI for different screen resolutions."
"What is anchor point in UI?","Anchor points define how UI elements behave when screen size changes."
"What is pivot in UI?","The pivot defines the point UI elements rotate or scale around."
"What is layout group?","A layout group automatically arranges UI elements in rows or columns."
"What is content size fitter?","It adjusts UI size based on its children elements."
"What is scroll rect?","A scroll rect allows scrolling through UI content."
"What is Unity Input System?","Unity's new Input System allows flexible multi-device input handling."
"What is rebinding?","Rebinding changes control buttons or keys during runtime."
"What is virtual joystick?","A virtual joystick simulates analog movement for mobile games."
"What is mobile touch input?","Mobile touch input detects taps, swipes, and gestures on screens."

"What is touch phase?","Touch phase represents different stages of a touch such as Began, Moved, and Ended."
"What is multi-touch?","Multi-touch allows the device to detect more than one touch at the same time."
"What is haptic feedback?","Haptic feedback provides vibration effects to enhance player experience."
"What is gyroscope input?","Gyroscope input reads device rotation and tilt for motion controls."
"What is accelerometer?","An accelerometer measures acceleration forces for motion-based input."
"What is screen DPI?","Screen DPI is the pixel density affecting UI scaling on mobile devices."
"What is aspect ratio?","Aspect ratio is the proportional relationship between screen width and height."
"What is safe area?","Safe area ensures UI elements are not blocked by notches or rounded corners."
"What is render resolution?","Render resolution is the internal resolution the game draws before scaling."
"What is texture compression?","Texture compression reduces texture file size and memory usage."
"What is mipmapping?","Mipmapping uses lower resolution versions of textures for distant objects."
"What is texture tiling?","Texture tiling repeats textures across surfaces."
"What is anisotropic filtering?","Anisotropic filtering improves texture clarity at steep viewing angles."
"What is shadow resolution?","Shadow resolution controls the sharpness and detail level of shadows."
"What is shadow distance?","Shadow distance defines how far shadows are rendered from the camera."
"What is baking shadows?","Baking shadows stores shadow information for static objects."
"What is real-time shadows?","Real-time shadows update dynamically as objects move."
"What is soft shadow?","Soft shadows blend edges to look more natural."
"What is hard shadow?","Hard shadows have sharp edges and are cheaper to render."
"What is SSAO?","SSAO adds ambient shadowing based on surrounding geometry."
"What is screen space reflections?","SSR simulates reflections based on screen-visible pixels."
"What is light probe?","Light probes store indirect lighting information for dynamic objects."
"What is reflection probe?","Reflection probes capture surrounding reflections for shiny materials."
"What is directional light?","Directional light simulates sunlight or moonlight."
"What is point light?","A point light emits light in all directions from a single point."
"What is spot light?","A spot light emits light in a cone shape."
"What is area light?","Area lights provide soft illumination but require specific render pipelines."
"What is ambient lighting?","Ambient lighting provides general light to the entire scene."
"What is light baking?","Light baking precomputes lighting for higher performance."
"What is shader LOD?","Shader LOD determines shader complexity levels based on distance."
"What is GPU skinning?","GPU skinning offloads character animation to the GPU."
"What is instancing?","Instancing draws multiple instances of the same mesh efficiently."
"What is render pass?","A render pass defines an operation performed by the GPU during rendering."
"What is a game asset?","A game asset includes models, textures, audio, scripts, and animations."
"What is asset pipeline?","Asset pipeline defines how assets are imported, processed, and used in a game."
"What is import settings?","Import settings customize how textures, models, and audio are processed."
"What is FBX file?","FBX is a common 3D model format used in game development."
"What is OBJ file?","OBJ is another 3D model format widely supported for meshes."
"What is a mesh?","A mesh is a collection of vertices, edges, and triangles defining a 3D object."
"What is UV unwrap?","UV unwrap maps 3D mesh surfaces to 2D texture coordinates."
"What is vertex?","A vertex is a point in 3D space used to define shapes."
"What is triangle count?","Triangle count measures geometry complexity impacting performance."
"What is normal vector?","A normal vector defines the direction a surface is facing."
"What is smoothing group?","Smoothing groups blend edges to make surfaces appear smooth."
"What is rigging?","Rigging is creating bones and controls for animating characters."
"What is a skeleton rig?","A skeleton rig is the bone structure used for character animation."
"What is retopology?","Retopology creates optimized mesh topology for animation and performance."
"What is blendshape animation?","Blendshape animation modifies vertex positions for facial expressions."
"What is skeletal animation?","Skeletal animation moves characters using bones and joints."
"What is keyframe interpolation?","Interpolation defines motion between keyframes automatically."
"What is animation retargeting?","Retargeting applies animations from one character to another."
"What is vertex painting?","Vertex painting assigns colors or weights directly to vertices."
"What is mesh collider?","Mesh collider uses mesh geometry for accurate collision detection."
"What is convex collider?","Convex collider simplifies shape to improve physics performance."
"What is kinematic character controller?","A controller using physics without being fully simulated."
"What is physics timestep?","Physics timestep defines how often physics updates happen."
"What is penetration resolution?","Resolution of overlapping colliders in physics simulation."
"What is collision layer?","Collision layers control which objects can collide with each other."
"What is physics material 2D?","Physics material 2D adjusts friction and bounciness in 2D physics."
"What is hinge joint 2D?","A hinge joint 2D rotates objects around a specific anchor."
"What is distance joint 2D?","Distance joint 2D keeps two objects at a fixed distance."
"What is spring joint 2D?","A spring joint 2D behaves like a rubber band between objects."
"What is camera culling mask?","Culling mask determines which layers a camera renders."
"What is camera depth?","Camera depth defines render priority between multiple cameras."
"What is camera projection?","Camera projection determines perspective or orthographic rendering."
"What is split screen?","Split screen allows multiple players to see different camera views."
"What is render texture?","A render texture stores camera output as a texture."
"What is screen space UI?","Screen space UI is drawn relative to screen resolution."
"What is world space UI?","World space UI exists inside the 3D world."
"What is health bar system?","A UI system showing the player's HP visually."
"What is stamina system?","A stamina system limits player actions like sprinting."
"What is XP system?","An XP system tracks experience points for leveling up."
"What is inventory slot?","An inventory slot stores an item in UI."
"What is item stacking?","Item stacking groups identical items in one slot."
"What is crafting system?","A crafting system lets players combine items to create new ones."
"What is quest system?","A quest system tracks missions and objectives."
"What is dialogue system?","A dialogue system displays NPC interactions with branching choices."
"What is branching dialogue?","Branching dialogue lets players choose different conversation paths."
"What is navmesh obstacle?","A navmesh obstacle blocks AI navigation dynamically."
"What is AI chase behavior?","Chase behavior makes enemies follow the player when detected."
"What is AI patrol behavior?","Patrol behavior makes enemies follow waypoints repeatedly."
"What is AI detection radius?","Radius where AI senses or reacts to the player."
"What is field of view AI?","AI field of view determines angle of detection."
"What is line of sight check?","A check to ensure nothing blocks visibility between AI and target."
"What is hearing system AI?","AI reacts to sounds based on distance and volume."
"What is stealth system?","Stealth system hides player from AI based on lighting and noise."
"What is cover system?","A cover system lets AI or players hide behind obstacles."
"What is crouch mechanic?","Crouch lowers player height, affecting speed and visibility."
"What is sprint mechanic?","Sprint increases speed temporarily using stamina."
"What is dash mechanic?","Dash performs quick directional movement."
"What is cooldown?","Cooldown limits how often abilities can be used."
"What is knockback?","Knockback pushes characters backward upon impact."
"What is hit reaction animation?","An animation triggered when characters take damage."
"What is respawn point?","Respawn point is location where the player reappears after death."
"What is checkpoint?","A checkpoint saves progress at specific locations."
"What is game over screen?","A UI screen shown when the player loses."
"What is victory screen?","A UI screen shown when the player wins."
"What is HUD element?","HUD elements display critical game information like health or ammo."
"What is crosshair?","A crosshair is a targeting reticle for aiming."
"What is ADS (Aim Down Sights)?","ADS zooms the camera for precise shooting."

"What is recoil in shooting games?","Recoil is the backward kick or camera movement after firing a weapon."
"What is bullet spread?","Bullet spread adds randomness to shooting direction for realism."
"What is projectile trajectory?","Trajectory is the path a projectile follows based on force and gravity."
"What is raycast shooting?","Raycast shooting hits targets instantly without physical bullets."
"What is ballistics?","Ballistics simulate bullet travel, drop, and speed over distance."
"What is hit detection?","Hit detection checks if an attack collides with a target."
"What is damage system?","A damage system reduces health based on attacks."
"What is armor system?","Armor system reduces or absorbs incoming damage."
"What is critical hit?","A critical hit deals increased damage based on chance."
"What is damage multiplier?","A multiplier increases damage based on abilities or weak points."
"What is enemy spawner?","An enemy spawner generates enemies at intervals or locations."
"What is spawn point?","A point in the game where characters or objects appear."
"What is spawn rate?","Spawn rate determines how frequently enemies spawn."
"What is wave system?","A wave system spawns enemies in timed or increasing waves."
"What is level progression?","Level progression increases difficulty or unlocks new content."
"What is XP reward?","XP reward grants points for actions like kills or mission completion."
"What is leveling system?","A leveling system increases character power with XP."
"What is skill tree?","A skill tree offers unlockable abilities through progression."
"What is passive skill?","A passive skill provides a constant benefit without activation."
"What is active skill?","An active skill requires player input to activate."
"What is cooldown reduction?","Cooldown reduction shortens ability recharge times."
"What is buff?","A buff temporarily increases character stats."
"What is debuff?","A debuff temporarily weakens character stats."
"What is DOT damage?","DOT (Damage Over Time) deals damage gradually."
"What is AOE damage?","AOE (Area of Effect) damage affects multiple targets at once."
"What is hitbox vs hurtbox?","Hitbox checks for attacks; hurtbox checks for where the character is vulnerable."
"What is combo system?","A combo system chains multiple attacks in sequence."
"What is animation canceling?","Animation canceling interrupts animations to perform faster moves."
"What is stamina regeneration?","The process of restoring stamina over time."
"What is mana system?","Mana system stores energy used for magic or abilities."
"What is resource bar?","A visual UI representing health, stamina, mana, or energy."
"What is autosave?","Autosave saves game progress automatically at certain moments."
"What is manual save?","Manual save requires the player to choose when to save."
"What is local storage?","Local storage saves data on the player's device."
"What is cloud saving?","Cloud saving stores data online to sync across devices."
"What is matchmaking?","Matchmaking finds players of similar skill to join a game session."
"What is matchmaking rating?","Matchmaking rating determines skill level for online play."
"What is dedicated matchmaking server?","A dedicated server handles player matchmaking and session creation."
"What is hit registration?","Hit registration determines whether a hit is successfully detected."
"What is lag compensation?","Lag compensation adjusts gameplay for players with latency."
"What is ping?","Ping measures network delay between the player and server."
"What is latency?","Latency is the delay in data transmission over the network."
"What is packet loss?","Packet loss occurs when data packets fail to reach their destination."
"What is server tick rate?","Tick rate determines how often a server processes game updates."
"What is authoritative server?","An authoritative server controls game logic to prevent cheating."
"What is client-side prediction?","Client-side prediction estimates movements before server confirmation."
"What is rubber banding?","Rubber banding is sudden movement correction due to lag."
"What is interpolation?","Interpolation smooths movement between network updates."
"What is extrapolation?","Extrapolation predicts future positions when updates are missing."
"What is matchmaking lobby?","A lobby where players gather before a match starts."
"What is loot system?","A loot system rewards players with items after gameplay events."
"What is RNG?","RNG stands for Random Number Generation used for randomness in gameplay."
"What is loot table?","A loot table defines item drop chances."
"What is rarity system?","Rarity system classifies items by quality, such as common or legendary."
"What is crafting recipe?","A crafting recipe defines required items to craft a new item."
"What is blueprint item?","A blueprint teaches players how to craft an item."
"What is quest log?","A quest log tracks active, completed, and failed quests."
"What is NPC AI?","NPC AI controls non-player characters' behaviors and decision-making."
"What is dialogue trigger?","Dialogue triggers start conversations based on player actions."
"What is branching path?","A branching path gives players multiple story or gameplay choices."
"What is cutscene trigger?","Cutscene triggers start cinematic sequences during gameplay."
"What is quick-time event?","A QTE is an event requiring timed button presses."
"What is enemy aggro?","Aggro determines which enemy the AI targets during combat."
"What is threat level?","Threat level affects how enemies choose targets."
"What is spawn capping?","Spawn capping limits how many enemies can spawn at once."
"What is fog of war?","Fog of war hides unexplored areas on a map."
"What is minimap icon?","A minimap icon visually represents objects such as enemies or items."
"What is UI health indicator?","Displays enemy or player health above characters."
"What is respawn timer?","A countdown showing time until player respawn."
"What is revive mechanic?","Allows players to revive teammates during gameplay."
"What is camera smoothing?","Smooths camera movement for cinematic motion."
"What is camera shake intensity?","Defines strength of screen shake effects."
"What is depth sorting?","Depth sorting determines which 3D objects appear in front."
"What is collision mask?","Collision mask filters which layers interact in physics."
"What is damage falloff?","Damage falloff reduces damage over distance."
"What is explosion radius?","Defines affected area of blast damage."
"What is physics overlap check?","Detects objects within an area without collisions."
"What is game difficulty scaling?","Adjusts difficulty based on player performance."
"What is spawn randomization?","Randomizes enemy or item spawn patterns."
"What is procedural generation?","Generates levels or environments algorithmically."
"What is procedural map?","Creates maps using rules instead of manual design."
"What is seed value?","Seed value creates predictable randomness for procedural generation."
"What is noise generation?","Noise algorithms generate terrain height or textures."
"What is perlin noise?","Perlin noise creates smooth natural variations for terrain."
"What is simplex noise?","Simplex noise is a faster alternative to Perlin noise."
"What is terrain chunking?","Divides terrain into chunks for performance optimization."
"What is infinite runner generation?","Generates endless maps as the player progresses."
"What is L-system?","L-systems generate fractal-like patterns for plants or structures."
"What is dialogue branching tree?","A tree structure representing different dialogue paths."
"What is combat AI?","Combat AI controls enemy actions during battles."
"What is evade behavior?","Evade behavior makes AI avoid player attacks."
"What is AI decision-making?","AI decision-making determines actions using states or behavior trees."
"What is blackboard system?","A data structure shared by AI behaviors."
"What is reactive AI?","Reactive AI responds instantly to player actions rather than planning."
"What is strategic AI?","Strategic AI uses long-term planning and tactics."
"What is homing projectile?","A projectile that follows the target automatically."
"What is weapon recoil pattern?","A predefined pattern that controls weapon kickback."
"What is camera raycast?","Raycasting from the camera to detect interactable objects."
"What is aim assist?","Aim assist helps players target enemies more easily."

"What is aim blending?","Aim blending smoothly transitions between aiming poses."
"What is lean mechanic?","Leaning allows players to tilt left or right to peek around corners."
"What is cover detection?","Cover detection checks if an object can be used as protection."
"What is enemy flanking?","Enemy flanking is AI moving to attack from the side or behind."
"What is squad AI?","Squad AI coordinates multiple NPCs to act as a team."
"What is waypoint patrol?","AI patrols a set of predefined waypoints."
"What is battle arena spawning?","Spawn logic for enemies entering a closed combat area."
"What is wave difficulty scaling?","Increasing difficulty each enemy wave."
"What is enemy archetype?","Different enemy types with unique behaviors."
"What is boss phase?","A stage in boss fights where the boss changes behavior or abilities."
"What is hit pause?","A brief pause effect on impact for dramatic feedback."
"What is screen freeze?","Temporary freeze to emphasize action moments."
"What is coyote time?","Allowing player to jump shortly after leaving a ledge."
"What is jump buffering?","Queuing a jump input before landing to improve responsiveness."
"What is directional dodge?","Dodging in a direction input by the player."
"What is lock-on system?","A system that targets a specific enemy for combat."
"What is auto-targeting?","Automatically selecting the nearest target."
"What is camera lock behind player?","Locking camera rotation to follow the player directly."
"What is strafing?","Moving sideways while facing a target."
"What is glide mechanic?","Gliding slows falling and allows controlled descent."
"What is wall-running?","Running along walls for parkour movement."
"What is wall-jumping?","Jumping from wall surfaces to reach new areas."
"What is double jump?","Jumping a second time while in the air."
"What is climb detection?","Checking if a surface is climbable."
"What is ledge grabbing?","Player grabs a ledge when near the edge."
"What is vault mechanic?","Player climbs over small obstacles automatically."
"What is sliding mechanic?","Player slides on ground for speed or evasion."
"What is momentum-based movement?","Movement affected by velocity and inertia."
"What is footstep system?","System detecting surface type to play footstep sounds."
"What is dynamic weather?","Changing environmental conditions like rain or fog."
"What is day-night cycle?","Time system changing lighting throughout the day."
"What is wind zone?","A system for simulating wind forces."
"What is vegetation system?","System controlling grass, trees, and procedural foliage."
"What is dynamic shadows?","Shadows updating in real-time as objects move."
"What is light baking?","Saving static lighting data for performance."
"What is emissive lighting?","Objects that appear to glow by emitting light."
"What is bloom threshold?","Brightness level required to trigger bloom effect."
"What is color grading?","Adjusting scene colors for specific mood or style."
"What is lens flare?","Light streaks simulating camera lens artifacts."
"What is vignette?","Darkening screen edges for cinematic effect."
"What is depth buffer?","Buffer storing depth information for 3D rendering."
"What is render pipeline asset?","Asset defining settings for URP or HDRP."
"What is shader compilation?","Translation of shader code for GPU execution."
"What is shader variant?","Different shader versions with optional features."
"What is GPU compute?","Running custom calculations on GPU using compute shaders."
"What is baked occlusion?","Precomputed visibility data for static environments."
"What is physics culling?","Ignoring physics calculations for distant objects."
"What is collision proxy?","Simplified collider used for optimization."
"What is hit reaction system?","System controlling animations and effects when hit."
"What is ragdoll blending?","Mixing animation and ragdoll physics smoothly."
"What is wind simulation?","Simulating wind movement on trees or cloth."
"What is grass shader?","Shader used to animate grass movement."
"What is decal?","Projecting textures onto surfaces for bullet holes or dirt."
"What is decal projector?","Component that applies decals in URP/HDRP."
"What is gameplay tag?","Tagging system for identifying object behavior."
"What is event-driven AI?","AI reacting to triggers and events instead of constant checks."
"What is procedural animation?","Animation generated by code, not keyframes."
"What is foot IK?","IK adjusting feet to align with ground."
"What is climb IK?","IK used for hands and feet when climbing."
"What is aim IK?","IK enabling characters to aim weapons precisely."
"What is look-at constraint?","Constraint forcing character to look at a target."
"What is multi-aim constraint?","Advanced aiming solution for rigs."
"What is joint limit?","Constraint preventing bones from rotating unnaturally."
"What is angular velocity?","Rate of rotation measured per second."
"What is kinematic chain?","Linked bones forming skeleton structure."
"What is softbody physics?","Physics simulating deformable objects."
"What is cloth collider?","Collider interacting with cloth simulation."
"What is fluid simulation?","Realistic simulation of liquids."
"What is particle turbulence?","Random particle motion for realism."
"What is sub-emitter?","Particles spawned by other particles."
"What is trail renderer?","Component drawing a trail behind moving objects."
"What is line renderer?","Component drawing 3D or 2D lines."
"What is projectile trail?","Visual trail behind bullets or rockets."
"What is dissolving shader?","Shader effect making objects fade or disintegrate."
"What is outline shader?","Shader drawing colored outlines on objects."
"What is fog volume?","3D volume simulating thick fog."
"What is post-processing volume?","Defines area where post-processing effects apply."
"What is screen overlay?","Effect layered on top of final image."
"What is UI raycast?","Raycast detecting UI elements for input."
"What is canvas group?","Component controlling UI alpha, interactability, and blocksRaycasts."
"What is UI animation?","Animating UI elements for transitions."
"What is UI transition?","Smooth visual changes for buttons and panels."
"What is UI fade?","Changing UI transparency over time."
"What is nine-slice scaling?","Scaling UI images without distorting corners."
"What is joystick dead zone?","Minimum input threshold before joystick movement is detected."
"What is input buffering?","Saving input commands for execution when possible."
"What is gamepad mapping?","Mapping controller buttons to actions."
"What is aim assist magnetism?","Increasing target hit chance by adjusting aim."
"What is zoom FOV?","Narrower field of view for zooming in."
"What is camera collision?","Preventing camera from clipping through walls."
"What is camera obstruction fade?","Fading obstructing objects to maintain visibility."
"What is turret rotation?","Rotating a turret to aim at targets."
"What is homing missile?","Missile that adjusts path to follow a target."
"What is projectile lifetime?","Time before a projectile is destroyed."
"What is explosion force?","Physics force applied during an explosion."
"What is damage radius?","Area affected by an explosion."
"What is spawn animation?","Animation played when characters or objects appear."
"What is dissolve spawn?","A dissolve shader used when spawning objects."
"What is loot pickup system?","System allowing players to collect items."
"What is magnet pickup?","Automatically pulling items toward the player."
"What is floating text?","Text that appears above an object for damage or XP."
"What is HUD marker?","Icon pointing to objectives or enemies."
"What is waypoint marker?","UI element showing direction to a navigation point."

"What is objective marker?","A UI indicator showing the location of an objective."
"What is quest tracking?","Tracking active missions and their progress."
"What is dynamic objective system?","A system that updates objectives based on player actions."
"What is event trigger zone?","A zone that activates events when entered by the player."
"What is cutscene skip logic?","Code allowing players to skip cinematics."
"What is pause menu?","A UI menu that appears when the game is paused."
"What is game pause logic?","Stopping game time by setting Time.timeScale to 0."
"What is slow motion effect?","Reducing timeScale to create slow-motion gameplay."
"What is speed boost?","A temporary increase in movement or attack speed."
"What is time dilation?","Changing global game time speed."
"What is respawn cooldown?","Delay before the player or enemy respawns."
"What is revival state?","State when a character is waiting to be revived by a teammate."
"What is game timer?","A timer tracking time elapsed during gameplay."
"What is countdown timer?","A timer that counts down for missions or events."
"What is checkpoint activation?","Saving progress when reaching a checkpoint."
"What is auto-heal system?","Regenerating player health after avoiding damage for some time."
"What is damage indicator?","UI showing direction of incoming attacks."
"What is armor penetration?","Mechanic determining how much armor reduces damage."
"What is elemental damage?","Damage types such as fire, ice, lightning, or poison."
"What is elemental resistance?","Reducing damage taken from specific element types."
"What is crowd control effect?","Effects that restrict player or enemy actions."
"What is stun effect?","Temporarily preventing movement or actions."
"What is knockdown effect?","Falling to the ground due to strong impact."
"What is freeze effect?","Temporarily immobilizing a character completely."
"What is burn effect?","Damage over time caused by fire."
"What is poison effect?","Gradual health loss caused by poison."
"What is bleed effect?","Continuous HP loss over time from bleeding."
"What is root effect?","Prevents character movement but allows attacking."
"What is blind effect?","Reduces visibility or accuracy."
"What is silence effect?","Prevents using skills or abilities."
"What is disarm effect?","Prevents using weapons."
"What is taunt effect?","Forces enemies to target a specific character."
"What is shield system?","An additional layer of protection before health is damaged."
"What is hit resistance?","Reducing the impact of damage taken."
"What is stamina drain?","Stamina reduction caused by actions or effects."
"What is mana regeneration?","Restoring mana over time."
"What is energy system?","Resource used for abilities instead of mana."
"What is interaction prompt?","UI message telling players they can interact with an object."
"What is interactable object?","Object that players can activate or use."
"What is proximity interaction?","Interaction triggered when close to an object."
"What is context-sensitive button?","Buttons that perform different actions based on context."
"What is melee weapon?","A close-range weapon like a sword or axe."
"What is ranged weapon?","A weapon that attacks from distance using projectiles."
"What is weapon durability?","Mechanic where weapons wear down over time."
"What is weapon upgrade system?","Improving weapon stats through upgrades."
"What is crafting bench?","A station used for crafting items."
"What is item rarity color?","Colors representing rarity like Common, Rare, Epic, Legendary."
"What is procedural loot?","Items generated with random stats."
"What is enchantment system?","Adding magical effects to weapons or armor."
"What is vendor system?","NPCs selling and buying items."
"What is trading system?","Players exchanging items with each other."
"What is marketplace UI?","Interface for buying and selling items."
"What is economy balancing?","Adjusting prices and drop rates for fairness."
"What is game currency?","Money used to buy items or upgrades."
"What is premium currency?","Special currency often bought with real money."
"What is soft currency?","Currency gained by normal gameplay."
"What is consumable item?","Single-use items like potions."
"What is inventory weight system?","Limits carrying capacity based on weight."
"What is item stacking limit?","Maximum items that can be stacked in one slot."
"What is world interaction?","Player interacting with world elements like doors and levers."
"What is switch mechanism?","A mechanism activated to open doors or trigger events."
"What is pressure plate?","A floor trigger activated by stepping on it."
"What is destructible object?","Objects that can break under damage."
"What is breakable crate?","Common destructible object containing loot."
"What is door animation?","Animation controlling doors opening and closing."
"What is locked door system?","Requires keys or conditions to unlock."
"What is puzzle system?","Gameplay requiring logical thinking or actions to solve."
"What is lever puzzle?","Puzzle involving pulling levers in specific pattern."
"What is rotating puzzle?","Puzzle requiring rotating pieces to align images."
"What is physics puzzle?","Puzzle solved using physics, like moving objects."
"What is sliding block puzzle?","Puzzle involving pushing or sliding blocks."
"What is code lock puzzle?","Puzzle requiring code entry to unlock door."
"What is time-based puzzle?","Puzzle requiring fast response before time runs out."
"What is enemy puzzle mechanic?","Enemies acting as part of puzzle solutions."
"What is stealth takedown?","Silent elimination of enemies from behind."
"What is noise distraction?","Throwing objects or using tools to lure enemies."
"What is line-of-sight stealth?","Enemies detect players only if they see them."
"What is cover shadow stealth?","Stealth where shadows reduce visibility to enemies."
"What is security camera AI?","AI detection based on camera vision cones."
"What is laser detection?","Triggered when player crosses laser beams."
"What is alarm system?","Alerts enemies when detection conditions are met."
"What is guard patrol path?","Path used by guards for continuous patrolling."
"What is alert level?","State when enemies begin searching for the player."
"What is search state?","AI actively looks for the player after detection."
"What is chase state?","AI aggressively pursues the player."
"What is escape state?","AI returns to normal behavior after losing player."
"What is stealth meter?","UI showing how visible the player is."
"What is enemy awareness bar?","Bar showing enemy suspicion level."
"What is takedown animation?","Animation for silently eliminating enemies."
"What is hiding spot?","Place where players hide from enemy view."
"What is locker hiding system?","Player hides inside lockers for stealth gameplay."
"What is vent crawling?","Movement through ventilation tunnels."
"What is distraction tool?","Item used to divert enemy attention."
"What is stealth kill zone?","Area where stealth takedowns can be triggered."
"What is enemy investigation point?","Location AI checks when alerted."

"What is enemy cover behavior?","AI hides behind objects to avoid damage."
"What is AI retreat behavior?","AI retreats when low on health or overwhelmed."
"What is AI grouping behavior?","AI forms groups to attack together."
"What is AI ambush behavior?","AI hides and attacks players unexpectedly."
"What is AI guarding behavior?","AI stays near an object or area to protect it."
"What is AI overwatch behavior?","AI stays at a distance and provides covering fire."
"What is AI sniper role?","AI uses long-range precision attacks."
"What is AI melee role?","AI specializes in close-range physical attacks."
"What is AI tank role?","AI absorbs damage and protects other enemies."
"What is AI support role?","AI heals or buffs other allies."
"What is enemy spawn trigger?","Script that spawns enemies when player enters an area."
"What is area lock?","System that locks the player inside an arena until enemies are defeated."
"What is boss intro cutscene?","A cinematic introducing the main boss before fight begins."
"What is boss enraged mode?","A boss state where attacks become faster and stronger."
"What is boss telegraphing?","Boss showing signals before performing major attacks."
"What is projectile telegraph?","Warning indicator showing where enemy projectiles will land."
"What is arena hazard?","Dangerous environmental elements like spikes or lava."
"What is moving platform?","Platform that moves along predefined path."
"What is elevator system?","Platform that moves vertically between floors."
"What is rotating platform?","Platform that rotates for platforming challenges."
"What is platform parenting?","Player becomes child of platform to move together with it."
"What is platform snapping?","Automatically adjusting player position to platform surface."
"What is jump pad?","Object that launches players upward or forward."
"What is trampoline mechanic?","Bouncy surface propelling player with spring effect."
"What is wall slide?","Player sliding down wall when pressed against it."
"What is ladder climbing?","Mechanic for climbing ladder objects."
"What is rope swinging?","Swing mechanic using rope physics."
"What is grappling hook?","Tool allowing players to pull themselves toward a point."
"What is zipline mechanic?","Sliding along a line from one point to another."
"What is water buoyancy?","Objects floating based on volume and density."
"What is water drag?","Movement resistance inside water."
"What is underwater vision blur?","Post-processing effect simulating underwater visuals."
"What is swimming mechanic?","Movement system for swimming in water."
"What is drowning mechanic?","Timer indicating how long player can stay underwater."
"What is lava damage?","Instant or continuous damage when touching lava."
"What is hazard zone?","Area causing damage or effects when entered."
"What is spike trap?","Trap that damages player on contact."
"What is rotating trap?","Trap rotating to hit players periodically."
"What is pressure trap?","Trap activated when stepped on."
"What is fire trap?","Trap shooting fire bursts periodically."
"What is poison gas trap?","Trap releasing poison clouds."
"What is electric trap?","Trap shocking players causing stun or damage."
"What is AI trap awareness?","AI detecting traps and avoiding them."
"What is physics-based trap?","Trap relying on physics simulation to activate."
"What is safe zone?","Area where player cannot take damage."
"What is healing zone?","Area that restores player health."
"What is buff zone?","Area granting temporary power boosts."
"What is debuff zone?","Area applying negative effects."
"What is checkpoint indicator?","UI showing the last saved checkpoint."
"What is multi-stage mission?","Mission requiring completion of several objective phases."
"What is escort mission?","Player protects an NPC until reaching destination."
"What is timed mission?","Mission requiring completion before time runs out."
"What is stealth mission?","Mission requiring avoiding detection."
"What is collection mission?","Mission involving collecting items around the map."
"What is delivery mission?","Mission requiring transporting items safely."
"What is defense mission?","Mission requiring defending an area or object."
"What is survival mission?","Mission where player survives waves of enemies."
"What is fetch quest?","Quest involving retrieving a specific item."
"What is boss rush mode?","Mode where player fights multiple bosses consecutively."
"What is sandbox mode?","Open mode with no strict goals or missions."
"What is procedurally generated level?","Level created using algorithms instead of manual design."
"What is tile-based generation?","Level generation based on grid tiles."
"What is dungeon generation?","Procedural layout for caves or dungeons."
"What is biome system?","Different environment types like desert or forest."
"What is world seed?","Value generating the same world layout."
"What is terrain blending?","Smooth transition between terrain types."
"What is path smoothing?","Improving procedural paths to avoid sharp edges."
"What is object placement rule?","Rules determining how objects spawn procedurally."
"What is noise map?","2D map created using noise functions for terrain height."
"What is heat map?","Map showing temperature zones for procedural ecosystems."
"What is resource node?","Location where players can gather resources like ore or wood."
"What is harvesting mechanic?","Collecting resources from nodes."
"What is crafting tier system?","Tier-based progression for crafting recipes."
"What is item upgrade system?","Improving stats of existing items."
"What is durability repair?","Mechanic allowing players to fix damaged equipment."
"What is forge station?","Station used to craft weapons or armor."
"What is alchemy system?","Crafting potions or magical items."
"What is skill crafting?","Creating abilities by combining elements or materials."
"What is blueprint unlock?","Unlocking new crafting recipes through progression."
"What is AI companion?","AI-controlled ally assisting the player."
"What is follower system?","System where NPCs follow players around."
"What is pet system?","Animals that follow the player with minor gameplay benefits."
"What is summon mechanic?","Summoning creatures to fight for the player."
"What is AI loyalty system?","NPC loyalty affecting behavior based on actions."
"What is dialogue trust system?","System where dialogue choices affect NPC trust."
"What is cinematic camera?","Camera movement designed for storytelling moments."
"What is camera blend?","Smooth transition between multiple virtual cameras."
"What is interactive cutscene?","Cutscene reacting to player decisions."
"What is mounted combat?","Combat while riding animals or vehicles."
"What is vehicle control system?","Logic controlling cars, planes, or boats."
"What is driving physics?","Simulation of vehicle movement and traction."
"What is drift mechanic?","Sliding vehicle with reduced tire friction."
"What is vehicle health?","System tracking vehicle durability."
"What is vehicle boosting?","Temporary speed boost for vehicles."
"What is vehicle armor?","Reduces damage taken by vehicles."

"What is vehicle fuel system?","A system that tracks and consumes fuel for vehicles."
"What is vehicle tire friction?","Amount of grip tires have on surfaces."
"What is off-road mechanic?","Vehicle behavior on rough terrain with reduced traction."
"What is jump ramp?","A ramp that launches vehicles into the air."
"What is vehicle suspension?","System absorbing shocks and maintaining stability."
"What is wheel collider?","Unity component simulating vehicle wheel physics."
"What is traction control?","System preventing wheels from losing grip."
"What is vehicle torque?","Rotational force applied to wheels for acceleration."
"What is aerodynamic drag?","Air resistance slowing vehicles at high speeds."
"What is downforce?","Force pressing vehicle down to increase traction."
"What is nitro boost?","Temporary speed boost using special fuel."
"What is gear shifting?","Changing gears to adjust speed and torque."
"What is manual transmission?","Player manually switches gears."
"What is automatic transmission?","System automatically handles gear changes."
"What is drifting system?","Mechanic enabling controlled sliding during turns."
"What is skid marks?","Visual trails left by sliding tires."
"What is vehicle camera follow?","Camera system following vehicle movement."
"What is cockpit view?","First-person camera inside vehicle interior."
"What is chase camera?","Camera following vehicle from behind."
"What is traffic AI?","AI controlling NPC vehicles in open world."
"What is waypoint driving AI?","AI driving vehicles along path points."
"What is lane detection?","System ensuring vehicles stay in correct lanes."
"What is collision avoidance?","AI technique for avoiding crashes."
"What is vehicle respawn?","Respawning vehicle if stuck or destroyed."
"What is vehicle armor plating?","Added protection against damage."
"What is destructible vehicle parts?","Vehicle parts that can break during collisions."
"What is tire burst mechanic?","Tires popping after damage or overheating."
"What is vehicle overheating?","Engine overheating requiring cooldown."
"What is water vehicle?","Vehicles designed to travel on water."
"What is boat wake effect?","Water trail behind moving boats."
"What is buoyancy system?","Physics making boats float realistically."
"What is airplane lift?","Force enabling aircraft to fly."
"What is pitch control?","Controls aircraft nose angle."
"What is yaw control?","Controls aircraft left-right rotation."
"What is roll control?","Controls tilt of aircraft wings."
"What is stall mechanic?","Loss of lift causing plane to descend."
"What is flight HUD?","UI showing aircraft speed, altitude, and heading."
"What is helicopter rotor physics?","Simulation of spinning helicopter blades."
"What is tether system?","Connecting two objects with a flexible rope or chain."
"What is grappling rope?","Rope used to attach player to structures and swing."
"What is towing mechanic?","Pulling or hauling objects with a vehicle."
"What is cargo system?","Mechanic for carrying items using vehicles."
"What is physics joint?","A constraint connecting two rigid bodies."
"What is configurable joint?","Advanced joint offering multiple degree-of-freedom settings."
"What is physics explosion?","Explosion applying force and damage in radius."
"What is shatter effect?","Breaking objects into fragments using physics."
"What is debris system?","Spawning object fragments after destruction."
"What is procedural destruction?","Generating destruction based on impact force."
"What is fracture mesh?","Mesh designed to break into pieces."
"What is sound occlusion?","Muffling sounds when blocked by objects."
"What is reverb volume?","Area applying echo effects based on environment."
"What is dynamic music system?","Music that changes based on gameplay events."
"What is combat music trigger?","System switching to intense music during battles."
"What is ambient sound?","Background audio like wind, birds, or machinery."
"What is footstep sound manager?","System selecting sounds based on surface type."
"What is audio priority?","Defines which sounds play when too many are active."
"What is audio pooling?","Reusing audio sources to prevent performance issues."
"What is volume attenuation?","Reducing sound volume based on distance."
"What is spatial blend?","Controls how 3D or 2D a sound behaves."
"What is reverb preset?","Predefined echo profile for environments."
"What is doppler pitch shift?","Pitch change caused by moving objects."
"What is cutscene audio sync?","Synchronizing audio with cinematic actions."
"What is loading screen tip?","Display hints while loading scenes."
"What is async scene loading?","Loading scenes without freezing gameplay."
"What is loading bar?","UI showing progress of loading operations."
"What is fade-in transition?","Screen gradually becoming visible."
"What is fade-out transition?","Screen gradually darkening to black."
"What is screen wipe transition?","Animated transition revealing the next scene."
"What is checkpoint autosave?","Automatically saving progress when hitting a checkpoint."
"What is save slot?","Separate game save files for different playthroughs."
"What is save encryption?","Protecting save data with encryption."
"What is leaderboard system?","Ranking players based on scores."
"What is daily reward system?","Rewarding players for logging in daily."
"What is battle pass system?","Progression system granting rewards through tiers."
"What is season progression?","Limited-time progression events in online games."
"What is matchmaking region?","Selecting server region for lower ping."
"What is ping compensation?","Adjusting gameplay to account for high latency."
"What is anti-cheat system?","System detecting and preventing cheating."
"What is cheat detection?","Identifying abnormal behaviors like speed hacks."
"What is lag switch detection?","Detecting artificial network delays."
"What is aim-bot detection?","System analyzing suspicious accuracy patterns."
"What is wallhack prevention?","System blocking visibility through walls."
"What is server authoritative movement?","Server validates all player movements."
"What is client reconciliation?","Correcting client prediction errors."
"What is network interpolation?","Smoothing remote player movement based on updates."
"What is network extrapolation?","Predicting remote movement when updates are missing."
"What is replication system?","Synchronizing data from server to clients."
"What is RPC call?","Remote Procedure Call executed across network devices."
"What is packet serialization?","Converting data into packets for network transmission."
"What is network compression?","Reducing size of network packets."
"What is bandwidth optimization?","Reducing data sent to improve online performance."
"What is object despawn logic?","Removing objects when no longer needed."
"What is server garbage collection?","Managing server memory by removing unused data."
"What is network tick system?","Interval at which game logic updates in networking."
"What is matchmaking queue?","Line of players waiting to join a game."
"What is network host migration?","Moving host authority to another player if host leaves."
"What is lobby ready check?","Players confirm readiness before starting."
"What is pre-game countdown?","Countdown before gameplay begins."
"What is post-game summary?","Screen showing results after match ends."
"What is spectator mode?","Allows players to watch gameplay after elimination."
"What is killcam replay?","Replay showing how a player was eliminated."
"What is cinematic replay system?","Replay system with camera controls."

"What is kill feed?","UI showing recent kills or actions during gameplay."
"What is hitmarker?","Visual indicator showing that a shot successfully hit a target."
"What is damage popup?","Floating text showing the amount of damage dealt."
"What is revive prompt?","UI prompt allowing players to revive allies."
"What is bomb planting mechanic?","System enabling players to plant explosives at designated sites."
"What is defuse mechanic?","Mechanic allowing players to disarm bombs."
"What is capture point?","Area players must control to earn points."
"What is domination mode?","Game mode where teams capture and hold multiple points."
"What is team deathmatch?","Mode where teams compete to get the highest kill count."
"What is free-for-all?","Everyone competes individually without teams."
"What is battle royale?","Large-scale mode where last surviving player wins."
"What is shrinking zone?","Area that shrinks over time forcing players together."
"What is loot ping system?","Players mark items or locations for teammates."
"What is revivable state?","State where a downed player can still be revived."
"What is killstreak?","Rewards or advantages for achieving consecutive kills."
"What is respawn beacon?","Station allowing teammates to revive dead players."
"What is armor plate system?","Players equip armor plates to increase defense."
"What is helmet protection?","Reduces headshot damage."
"What is directional audio?","3D audio allowing players to locate enemies by sound."
"What is footstep detection?","Sound system revealing player movement to enemies."
"What is surface-based audio?","Different sounds depending on walking surface."
"What is suppressed weapon?","Weapon with reduced firing noise using a suppressor."
"What is recoil pattern?","Repeating sequence of recoil movements."
"What is bullet drop?","Gravity affecting projectile trajectory."
"What is wind influence?","Wind affecting long-range projectiles."
"What is hit scan vs projectile?","Hitscan is instant; projectile has travel time."
"What is armor break?","Armor breaks after receiving certain amount of damage."
"What is shield regen?","Shield regenerates after not taking damage."
"What is healing item?","Item restoring health or shields."
"What is throwable explosive?","Grenades, mines, or other thrown explosive items."
"What is sticky grenade?","Grenade that attaches to surfaces or enemies."
"What is flashbang effect?","Bright flash and noise disorienting players."
"What is smoke grenade?","Creates smoke blocking visibility."
"What is frag grenade?","Creates explosion causing lethal damage."
"What is molotov effect?","Spreads fire causing area damage over time."
"What is proximity mine?","Explodes when players enter its radius."
"What is claymore mine?","Directional explosive triggered by tripwires."
"What is trap placement system?","System allowing players to place tactical traps."
"What is spectator camera?","Camera system for watching after death."
"What is third-person camera?","Camera behind and above character."
"What is first-person camera?","Camera showing view from character's eyes."
"What is shoulder swap?","Switching camera angle over left or right shoulder."
"What is weapon sway?","Subtle movement of weapon camera for realism."
"What is idle animation?","Animation played when player stands still."
"What is reload animation?","Animation of reloading weapon."
"What is weapon inspection animation?","Cosmetic animation showing weapon in detail."
"What is aim-down-sight transition?","Switching from hip fire to scoped view."
"What is hit reaction blend?","Blending animations when character receives damage."
"What is limb damage system?","Damage varies based on hit body part."
"What is headshot multiplier?","Extra damage for head hits."
"What is stealth kill animation?","Special animation for silent takedowns."
"What is enemy awareness cone?","AI detection cone representing visual range."
"What is alert state?","AI actively searching for the player."
"What is pursuit state?","AI chasing the player aggressively."
"What is attack state?","AI performing attack animations or actions."
"What is return-to-idle state?","AI returning to patrol after losing target."
"What is sound propagation?","System determining how far sound travels."
"What is smell detection (AI)?","AI detecting players based on scent mechanics."
"What is heat vision?","Mechanic showing heat signatures of entities."
"What is night vision?","Visual filter improving low-light visibility."
"What is thermal scope?","Scope highlighting heat-emitting targets."
"What is jump scare trigger?","Trigger activating sudden scare effects."
"What is horror ambiance?","Audio and visual cues building tension."
"What is heartbeat sensor?","Device detecting nearby enemies via radar pulses."
"What is proximity indicator?","UI showing how close enemies are."
"What is puzzle hint system?","System giving subtle hints for puzzle solving."
"What is objective compass?","UI pointing toward mission objectives."
"What is waypoint tracking?","Tracking routes and distances to objectives."
"What is stamina sprint bar?","UI showing how long player can sprint."
"What is underwater combat?","Combat mechanics adapted for underwater physics."
"What is zero-gravity movement?","Movement system for floating in space environments."
"What is oxygen system?","Resource consumed in underwater or space gameplay."
"What is jetpack mechanic?","Allows short-duration flight using fuel."
"What is grappling traversal?","Moving quickly using grappling tool."
"What is sliding downhill?","Increasing speed when sliding on slopes."
"What is ledge shimmy?","Moving sideways along narrow ledges."
"What is cliff hanging?","Hanging from edges before climbing."
"What is stamina-based climbing?","Climbing limited by stamina bar."
"What is fall damage?","Damage from landing too hard."
"What is safe landing system?","Mechanic reducing fall damage when landing correctly."
"What is parachute deployment?","Opening parachute when falling from height."
"What is glider deployment?","Using a glider to descend safely."
"What is water entry animation?","Animation triggered when entering water."
"What is swimming stamina?","Stamina consumed while swimming."
"What is cold resistance?","Protection against cold environments."
"What is heat resistance?","Protection against hot environments."
"What is hazard suit?","Suit protecting against environmental dangers."
"What is gas mask system?","Protects from toxic gas zones."
"What is radiation system?","Damage from radioactive areas."
"What is contamination level?","Meter showing exposure to toxic environments."
"What is safe shelter zone?","Areas free from environmental hazards."
"What is inventory hotbar?","Quick-access inventory slots for fast item use."
"What is item cooldown?","Delay before an item can be used again."
"What is ammo type?","Different ammo categories for guns."
"What is ammo crafting?","Creating ammo using resources."
"What is reload cancel?","Canceling reload animation early."
"What is peek mechanic?","Leaning left or right to peek."
"What is breathing control?","Holding breath for steady aim."
"What is weapon jamming?","Weapon fails to fire due to durability or overheating."
"What is weapon overheating?","Gun stops firing temporarily due to heat buildup."
"What is weapon customization?","Modifying weapons with attachments."
"What is attachment slot?","Slot for attachments like scopes or grips."
"What is armor tier?","Level of protection offered by armor pieces."
"What is medkit use?","Healing large amounts of health."
"What is bandage use?","Healing small amounts gradually."
"What is adrenaline shot?","Boosting health regeneration or speed."
